ID,NOME,EMAIL
37f8b13e-8453-4af1-a00c-1a777352c98c,"Sergio Almeida",sergioalmeidaa00@gmail.com
2fa55fea-b4e1-4772-b91d-10a63d8629aa,"Josiah Bradtke",maggio.lamar@example.net
18d5988c-d8e1-42a9-8b7b-c527baa3832d,"Ruthe Wunsch",smann@example.com
adb22aeb-2dcd-45cc-9979-86ef7a922c5e,"Prince Gutkowski",sierra31@example.net
e7efe1c3-a829-4e90-a77c-dde76d0fbd1d,"Jovan Halvorson",denis07@example.org
1788030a-878e-433f-aa0e-56e212b3dbad,"Aida Torphy",davonte.hartmann@example.org
a4353d59-e58d-4a91-a5ce-ca95a16866bf,"Roman Dach",qpollich@example.org
44f080d1-3577-4005-bd18-065f6c604c3e,"Collin Dooley",etrantow@example.net
3ca44238-11d7-4fdf-8e0a-0da03efd6984,"Colten Hettinger",bechtelar.marques@example.com
ace33d04-17d3-44a3-ae73-ea3d9edfd028,"Guillermo Considine",trent40@example.org
98fc10cc-2675-462c-b93b-c724550d4cc5,"Tre O'Conner",kuhic.marilyne@example.net
